田块,预测产量(kg/100株),等级
T13,1.4984950012973541,高产
T14,1.4932959017377871,高产
T12,1.4927001825536619,高产
T7,1.4876738495646413,高产
T6,1.486205640275643,高产
T8,1.4841311662953052,中产
T5,1.4795462056417263,中产
T11,1.4745809274153172,中产
T10,1.4708980714742452,中产
T9,1.4703552704681813,中产
T15,1.4698857790428024,低产
T1,1.4695764060208856,低产
T2,1.468717150133561,低产
T4,1.4675960067548197,低产
T3,1.4672501353149132,低产
