{
  "最优模型": "SVR_RBF",
  "最优参数": {
    "model__regressor__C": 1,
    "model__regressor__epsilon": 0.08,
    "model__regressor__gamma": 0.4,
    "select__k": 6
  },
  "平均绝对误差MAE": 0.24878700815537372,
  "均方根误差RMSE": 0.3282991918947258,
  "决定系数R2": -0.15027610066758257,
  "预测值标准差std_pred": 0.08409594141938014,
  "预测值范围minmax": [
    1.3845416717841388,
    1.6979694289717062
  ],
  "防塌缩阈值std_threshold": 0.05509868963959125,
  "软惩罚lambda": 1.2,
  "本次最优objective": 0.40408680980225603,
  "均值偏差bias": 0.005757577304590589,
  "模型对比(各模型最优)": {
    "Ridge": {
      "MAE": 0.28653644570377307,
      "RMSE": 0.35970446191222355,
      "R2": -0.3808742117549,
      "std_pred": 0.09700820590261473,
      "minmax": [
        1.3575342012250973,
        1.6892226637228813
      ],
      "objective": 0.4473519959375858,
      "penalty": 0.0,
      "bias": -0.008433001571151344,
      "params": {
        "model__alpha": 100
      }
    },
    "KRR_RBF": {
      "MAE": 0.2706796876510861,
      "RMSE": 0.33733300880263967,
      "R2": -0.21445142565667985,
      "std_pred": 0.0790099759983091,
      "minmax": [
        1.3873408146049722,
        1.6909124375396323
      ],
      "objective": 0.42177921433558996,
      "penalty": 0.0,
      "bias": -0.016211496188122343,
      "params": {
        "model__regressor__alpha": 1.0,
        "model__regressor__gamma": 0.4,
        "select__k": 6
      }
    },
    "GPR": {
      "MAE": 0.27914631799831313,
      "RMSE": 0.3289162105316047,
      "R2": -0.15460391363677517,
      "std_pred": 0.02317638650481831,
      "minmax": [
        1.5085714285713963,
        1.5924176843189937
      ],
      "objective": 0.45115070963700754,
      "penalty": 0.03192230313477294,
      "bias": -0.0009191997209068159,
      "params": {
        "model__regressor__alpha": 1e-06,
        "select__k": "all"
      }
    },
    "SVR_RBF": {
      "MAE": 0.24878700815537372,
      "RMSE": 0.3282991918947258,
      "R2": -0.15027610066758257,
      "std_pred": 0.08409594141938014,
      "minmax": [
        1.3845416717841388,
        1.6979694289717062
      ],
      "objective": 0.40408680980225603,
      "penalty": 0.0,
      "bias": 0.005757577304590589,
      "params": {
        "model__regressor__C": 1,
        "model__regressor__epsilon": 0.08,
        "model__regressor__gamma": 0.4,
        "select__k": 6
      }
    },
    "ExtraTrees": {
      "MAE": 0.2916482361111106,
      "RMSE": 0.35198084546142827,
      "R2": -0.322210279837301,
      "std_pred": 0.05765567656661264,
      "minmax": [
        1.3928628373015897,
        1.6429164285714295
      ],
      "objective": 0.4406857994958197,
      "penalty": 0.0,
      "bias": -0.006052416005291272,
      "params": {
        "model__max_depth": null,
        "model__max_features": "sqrt",
        "model__min_samples_leaf": 4,
        "model__min_samples_split": 6
      }
    }
  }
}