田块,真实产量(kg/100株),预测产量(kg/100株),等级
T1,1.74,1.6208218589723757,高产
T10,2.14,1.3845416717841388,低产
T11,0.99,1.6533397924990343,高产
T12,1.38,1.4797521559403901,低产
T13,1.69,1.6638193205238216,高产
T14,1.4,1.6032818675740945,高产
T15,1.67,1.561291760249289,中产
T2,1.7,1.4556418544093128,低产
T3,1.72,1.5408149593732408,中产
T4,1.01,1.522835325193267,中产
T5,1.87,1.6023784143352442,中产
T6,1.47,1.4873940896309263,低产
T7,1.82,1.6979694289717062,高产
T8,1.31,1.4909014629829134,低产
T9,1.35,1.5815796971291098,中产
