{
  "最优模型": "SVR_RBF",
  "最优参数": {
    "model__regressor__C": 1,
    "model__regressor__epsilon": 0.01,
    "model__regressor__gamma": 0.2,
    "select__k": 12
  },
  "平均绝对误差MAE": 0.25380771773451816,
  "均方根误差RMSE": 0.32140214382834553,
  "决定系数R2": -0.10245280721965755,
  "预测值标准差std_pred": 0.07083429745070807,
  "预测值范围minmax": [
    1.4342146984003812,
    1.6745722363954254
  ],
  "防塌缩阈值std_threshold": 0.05509868963959125,
  "软惩罚lambda": 1.2,
  "本次最优objective": 0.40079096946051,
  "均值偏差bias": 0.01623255155904535,
  "模型对比(各模型最优)": {
    "Ridge": {
      "MAE": 0.28923908664261183,
      "RMSE": 0.3603600072051119,
      "R2": -0.38591196108580417,
      "std_pred": 0.09486843969329944,
      "minmax": [
        1.3601934382659409,
        1.6839240574873786
      ],
      "objective": 0.44886629348266804,
      "penalty": 0.0,
      "bias": -0.008672801423863064,
      "params": {
        "model__alpha": 100
      }
    },
    "KRR_RBF": {
      "MAE": 0.2822791685977146,
      "RMSE": 0.33542319187488157,
      "R2": -0.2007390748062392,
      "std_pred": 0.054375466898333655,
      "minmax": [
        1.4754638904488053,
        1.7193026713158468
      ],
      "objective": 0.42104182418122926,
      "penalty": 0.0007232227412575926,
      "bias": 0.0003350721876211882,
      "params": {
        "model__regressor__alpha": 1.0,
        "model__regressor__gamma": 0.4,
        "select__k": 12
      }
    },
    "GPR": {
      "MAE": 0.2789915355019078,
      "RMSE": 0.3287904142715332,
      "R2": -0.15372091015683398,
      "std_pred": 0.022978320450310077,
      "minmax": [
        1.508571404326491,
        1.5918959963661847
      ],
      "objective": 0.45119911158053944,
      "penalty": 0.03212036918928117,
      "bias": -0.0008339681564826229,
      "params": {
        "model__regressor__alpha": 1e-05,
        "select__k": "all"
      }
    },
    "SVR_RBF": {
      "MAE": 0.25380771773451816,
      "RMSE": 0.32140214382834553,
      "R2": -0.10245280721965755,
      "std_pred": 0.07083429745070807,
      "minmax": [
        1.4342146984003812,
        1.6745722363954254
      ],
      "objective": 0.40079096946051,
      "penalty": 0.0,
      "bias": 0.01623255155904535,
      "params": {
        "model__regressor__C": 1,
        "model__regressor__epsilon": 0.01,
        "model__regressor__gamma": 0.2,
        "select__k": 12
      }
    },
    "ExtraTrees": {
      "MAE": 0.2912235958994705,
      "RMSE": 0.34772332715599824,
      "R2": -0.29041713732299934,
      "std_pred": 0.04969934543434797,
      "minmax": [
        1.4202203869047625,
        1.6327226488095234
      ],
      "objective": 0.44251657174990905,
      "penalty": 0.005399344205243274,
      "bias": -0.0047347638888886046,
      "params": {
        "model__max_depth": 3,
        "model__max_features": "sqrt",
        "model__min_samples_leaf": 4,
        "model__min_samples_split": 4
      }
    }
  }
}