田块,真实产量(kg/100株),预测产量(kg/100株),等级
T1,1.74,1.6034805916613963,高产
T10,2.14,1.5461215679491451,中产
T11,0.99,1.64991791906282,高产
T12,1.38,1.4610693025434072,低产
T13,1.69,1.660029049415255,高产
T14,1.4,1.5724412911697707,中产
T15,1.67,1.5563241321705574,中产
T2,1.7,1.4342146984003812,低产
T3,1.72,1.5390335365107677,低产
T4,1.01,1.5898763764423098,中产
T5,1.87,1.59638792774914,中产
T6,1.47,1.4841320215419898,低产
T7,1.82,1.632594749827314,高产
T8,1.31,1.5032928725460062,低产
T9,1.35,1.6745722363954254,高产
