田块,预测产量(kg/100株),等级
T5,1.8669905206095354,高产
T7,1.816912399478965,高产
T1,1.7369174438603658,高产
T3,1.7169881383818277,高产
T13,1.6931102075206796,高产
T15,1.6668308500317341,中产
T2,1.6397885531218739,中产
T10,1.558056133457773,中产
T6,1.4727979019227566,中产
T9,1.404954144865508,中产
T14,1.4030080019976832,低产
T12,1.3829803162955552,低产
T11,1.3296884330814873,低产
T8,1.313201088072186,低产
T4,1.279687530167373,低产
